{"cameraMode":{"drawMode":0,"name":"Shaded","section":"Shading Mode"},"sceneLighting":false,"audioPlay":false,"sceneViewState":{"showFog":true,"showMaterialUpdate":false,"showSkybox":false,"showFlares":true,"showImageEffects":true,"showParticleSystems":true},"in2DMode":false,"pivot":{"x":0.3388671875,"y":2.553466796875,"z":-1.603271484375},"rotation":{"x":0.24587589502334596,"y":0.48151153326034548,"z":-0.1428000032901764,"w":0.8290513753890991},"size":1.1369904279708863,"orthographic":true}