{"cameraMode":{"drawMode":0,"name":"Shaded","section":"Shading Mode"},"sceneLighting":false,"audioPlay":false,"sceneViewState":{"showFog":true,"showMaterialUpdate":false,"showSkybox":false,"showFlares":true,"showImageEffects":true,"showParticleSystems":true},"in2DMode":false,"pivot":{"x":0.0008544921875,"y":2.3389892578125,"z":-1.22381591796875},"rotation":{"x":0.24587589502334596,"y":0.48151153326034548,"z":-0.1428000032901764,"w":0.8290513753890991},"size":1.2315752506256104,"orthographic":true}