{"cameraMode":{"drawMode":0,"name":"Shaded","section":"Shading Mode"},"sceneLighting":false,"audioPlay":false,"sceneViewState":{"showFog":true,"showMaterialUpdate":true,"showSkybox":true,"showFlares":true,"showImageEffects":true,"showParticleSystems":true},"in2DMode":false,"pivot":{"x":6.386507987976074,"y":9.81525707244873,"z":-0.20155614614486695},"rotation":{"x":-0.013795237988233567,"y":-0.8875649571418762,"z":-0.026634998619556428,"w":0.45970794558525088},"size":2.1073949337005617,"orthographic":false}